id,name,short,year,last_year,country,sector,sector_note,technology,direction,stage,implementation,plaintiff,tags,summary,limit,sources,alternative_sector,restoration_note,cohort,habeas_vehicle,system_group,included_by_default,data_failure,holding_scope,actual_computer_fault,data_status,citation,computer_fault_note,proposed_model,actual_equipment_failure,electronic_filing_issue,computer_issue_scope
thomas,Thomas v. Winchester,Thomas,1852,1852,US,Private,The challenged product or information service is privately operated.,Physical,Favorable,Damages judgment,Not established in sources,Human,"[""Evidence and data"", ""Classification"", ""Remedy access""]",The injured woman and her husband obtained an affirmed judgment against the remote supplier after falsely labeled poisonous medicine passed through several sellers.,An affirmed judgment does not prove payment; this historical duty rule retained restrictions for other products.,"[{""label"": ""Primary decision"", ""url"": ""https://www.nycourts.gov/reporter/archives/thomas_winchester.htm""}]",,"No source in this reviewed set establishes completed payment, delivered services, physical release, or institutional compliance after this decision.",original,,thomas,True,,,,,,,,,,
yick_wo,Yick Wo v. Hopkins,Yick Wo,1886,1886,US,Public,The challenged consequential process is controlled by a public institution.,Administrative,Favorable,Merits or injunction,Not established in sources,Human,"[""Classification"", ""Authority and rules"", ""Incentives and independence""]",The Supreme Court reversed the habeas judgments and directed discharge of petitioners imprisoned through discriminatory administration of an otherwise facially neutral municipal laundry-permit rule.,The judicial discharge direction is verified; execution of physical release is not separately established by the sources reviewed here.,"[{""label"": ""Primary decision"", ""url"": ""https://supreme.justia.com/cases/federal/us/118/356/""}]",,"No source in this reviewed set establishes completed payment, delivered services, physical release, or institutional compliance after this decision.",original,State habeas petitions challenging imprisonment under discriminatory municipal licensing; US Supreme Court review.,yick_wo,True,,,,,,,,,,
macpherson,MacPherson v. Buick Motor Co.,MacPherson,1916,1916,US,Private,The challenged product or information service is privately operated.,Physical,Favorable,Damages judgment,Not established in sources,Human,"[""Design and components"", ""Evidence and data"", ""Remedy access""]","The injured driver obtained an affirmed judgment against the manufacturer, whose purchased wheel component required reasonable inspection despite the absence of direct purchaser privity.",Negligence and causation mattered; the ruling did not impose strict liability for every malfunction or prove payment.,"[{""label"": ""Primary decision"", ""url"": ""https://www.nycourts.gov/reporter/archives/macpherson_buick.htm""}]",,"No source in this reviewed set establishes completed payment, delivered services, physical release, or institutional compliance after this decision.",original,,macpherson,True,,,,,,,,,,
ng-fung-ho-1922,"Ng Fung Ho v. White, 259 U.S. 276",Ng Fung Ho,1922,1922,US,Public,Federal immigration custody and disputed citizenship classification.,Administrative,Mixed,Mixed disposition,Not established in sources,Represented humans,"[""Classification"", ""Authority and rules"", ""Remedy access""]",Two citizenship claimants won judicial determination; two other petitioners lost.,Citizenship and release were not established by this judgment.,"[{""label"": ""Supreme Court opinion (1922), pp. 278–85"", ""url"": ""https://supreme.justia.com/cases/federal/us/259/276/""}]",,Remand for citizenship trial for two petitioners; no immediate discharge ordered for them.,added,Federal habeas challenging immigration custody under deportation warrants.,ng-fung-ho-1922,True,Disputed status classification supported by evidence requiring judicial determination; no established digital corruption.,Judicial testing of citizenship supporting a challenge to executive deportation authority.,False,Disputed citizenship classification; qualifying evidence entitled two petitioners to judicial determination.,,,,,,
tumey,Tumey v. Ohio,Tumey,1927,1927,US,Public,The challenged consequential process is controlled by a public institution.,Administrative,Favorable,Merits or injunction,Not established in sources,Human,"[""Incentives and independence"", ""Authority and rules"", ""Notice and hearing""]",The Supreme Court reversed a conviction because the mayor-judge’s financial interests created a constitutionally disqualifying adjudicatory arrangement connected to convictions and municipal revenue.,The specific financial structure mattered; this decision does not prove that every agency grant or budget creates unconstitutional bias.,"[{""label"": ""Primary decision"", ""url"": ""https://supreme.justia.com/cases/federal/us/273/510/""}]",,"No source in this reviewed set establishes completed payment, delivered services, physical release, or institutional compliance after this decision.",original,,tumey,True,,,,,,,,,,
tj_hooper,The T.J. Hooper,T.J. Hooper,1932,1932,US,Private,The challenged product or information service is privately operated.,Physical,Favorable,Merits or injunction,Not established in sources,Organization comparator,"[""Design and components"", ""Evidence and data""]",Commercial cargo and vessel interests obtained an affirmed interlocutory liability decree concerning tugs that lacked radio receivers capable of receiving critical weather warnings.,The claimants were commercial interests; exclude this comparator from default human-case counts and do not infer a final payment.,"[{""label"": ""Primary decision"", ""url"": ""https://law.justia.com/cases/federal/appellate-courts/F2/60/737/1542549/""}]",,"No source in this reviewed set establishes completed payment, delivered services, physical release, or institutional compliance after this decision.",original,,tj_hooper,False,,,,,,,,,,
mooney,Mooney v. Holohan,Mooney,1935,1935,US,Public,The challenged detention rests on a state criminal conviction; the respondent is the public custodian.,Administrative,Adverse,Adverse,Not established in sources,Human,"[""Evidence and data"", ""Remedy access""]","The Court recognized the due-process problem alleged, but denied leave to file without prejudice because available state habeas remedies had not been pursued.",Do not count this decision as a granted writ or established factual exoneration.,"[{""label"": ""Primary opinion; pp. 110–115"", ""url"": ""https://supreme.justia.com/cases/federal/us/294/103/""}]",,No release or implementation of this habeas decision is established. The opinion separately reports an earlier death-to-life commutation; sentence mitigation is outside this dashboard’s specified release/payment/conviction-correction coverage field.,added,"Motion for leave to file an original habeas petition in the US Supreme Court, following unsuccessful federal habeas proceedings.",mooney,True,Alleged knowing use of perjury and suppression of evidence contradicting it.,Procedural refusal; favorable legal principle did not itself deliver relief.,False,Alleged; no merits fact adjudication in this disposition.,294 U.S. 103,"No computer or electrical malfunction is identified as the basis of the reviewed holding; false is a coding exclusion, not a finding about every event in the case.",Preserve both the factual challenge and a documented route through the required corrective forum.,,,
pyle,Pyle v. Kansas,Pyle,1942,1942,US,Public,The challenged detention rests on a state criminal conviction; the respondent is the public custodian.,Administrative,Favorable,Procedural or interim,Not established in sources,Human,"[""Evidence and data"", ""Remedy access"", ""Notice and hearing""]",Denial of the habeas petition was reversed and remanded because the supported constitutional allegations had not been determined.,The regular appearance of the conviction record did not refute the allegations; their truth was not decided here.,"[{""label"": ""Primary opinion; pp. 214–216"", ""url"": ""https://supreme.justia.com/cases/federal/us/317/213/""}]",,This reviewed decision does not establish completed physical release or subsequent compensation.,added,Original state habeas petition in the Kansas Supreme Court; US Supreme Court review of its denial.,pyle,True,Alleged coerced perjury and deliberate suppression of favorable testimony.,"Opportunity to prove the claim, not a Supreme Court release order.",False,Allegations supported by submitted exhibits; truth still required determination.,317 U.S. 213,"No computer or electrical malfunction is identified as the basis of the reviewed holding; false is a coding exclusion, not a finding about every event in the case.",Do not treat a facially complete record as verification of the underlying evidence.,,,
escola,Escola v. Coca Cola Bottling Co.,Escola,1944,1944,US,Private,The challenged product or information service is privately operated.,Physical,Favorable,Damages judgment,Not established in sources,Human,"[""Design and components"", ""Evidence and data"", ""Remedy access""]",The injured waitress obtained an affirmed judgment through an evidential inference of bottler negligence even though the precise mechanism of the exploding bottle was uncertain.,"Strict liability appeared in Traynor’s concurrence, not the majority holding; payment and production changes were not verified.","[{""label"": ""Primary decision"", ""url"": ""https://law.justia.com/cases/california/supreme-court/2d/24/453.html""}]",,"No source in this reviewed set establishes completed payment, delivered services, physical release, or institutional compliance after this decision.",original,,escola,True,,,,,,,,,,
bridges-wixon-1945,"Bridges v. Wixon, 326 U.S. 135",Bridges,1945,1945,US,Public,Federal immigration detention and deportation authority.,Administrative,Favorable,Merits or injunction,Not established in sources,Human,"[""Evidence and data"", ""Classification"", ""Notice and hearing"", ""Authority and rules""]",Detention held unlawful after statutory misclassification and materially improper evidence at a deportation hearing.,Not a finding that every disputed statement was false or that every evidentiary error warrants relief.,"[{""label"": ""Supreme Court opinion (1945), pp. 149–57"", ""url"": ""https://supreme.justia.com/cases/federal/us/326/135/""}]",,Judgment denying habeas reversed; subsequent physical release not verified.,added,Federal habeas challenging detention under a deportation warrant.,bridges-wixon-1945,True,"Established improper admission of unsigned, unsworn statements and overbroad affiliation classification.",Invalid detention order; consequential hearing and statutory defects.,False,Consequential evidentiary and statutory defects established by the Court; no general fabrication finding.,,,,,,
francis-resweber-1947,"Louisiana ex rel. Francis v. Resweber, 329 U.S. 459",Francis,1947,1947,US,Public,State execution equipment and criminal custody.,Physical,Adverse,Adverse,Not established in sources,Human,"[""Design and components"", ""Remedy access""]","Following failed electrocution, denial of writ applications seeking to bar another attempt was affirmed.",Precise equipment defect was not diagnosed; controlling disposition addressed these circumstances.,"[{""label"": ""Supreme Court opinion (1947), pp. 460–66"", ""url"": ""https://supreme.justia.com/cases/federal/us/329/459/""}]",,Requested protection denied; subsequent execution history not coded from this opinion.,added,"State habeas among several writ applications, reviewed by Supreme Court certiorari.",francis-resweber-1947,True,"Actual failed electrical/mechanical execution, not corrupted conviction evidence.",Accidental unsuccessful execution did not bar a subsequent attempt on the record presented.,False,Failed electrocution was established; the plurality treated it as accidental.,,,,True,,
knauff-1950,"United States ex rel. Knauff v. Shaughnessy, 338 U.S. 537",Knauff,1950,1950,US,Public,Federal border exclusion and Ellis Island detention.,Administrative,Adverse,Adverse,Not established in sources,Human,"[""Evidence and data"", ""Notice and hearing"", ""Remedy access""]",Dismissal of habeas challenging exclusion without a hearing was affirmed under the governing emergency entry regime.,The judgment does not establish confidential information was false; coding concerns this decision only.,"[{""label"": ""Supreme Court opinion (1950), pp. 539–47"", ""url"": ""https://supreme.justia.com/cases/federal/us/338/537/""}]",,No admission or release won in this Supreme Court judgment; later administrative history not coded.,added,Federal habeas testing exclusion without a hearing after detention at Ellis Island.,knauff-1950,True,Inaccessible security information and unavailable adversarial testing; falsity not adjudicated.,"Historical initial-entry and emergency exclusion regime, not a rule for every detainee.",False,Inaccessible security information; the selected judgment did not establish falsity.,,,,,,
accardi-1954-1955,"Accardi v. Shaughnessy, 347 U.S. 260; Shaughnessy v. Accardi, 349 U.S. 280",Accardi,1954,1955,US,Public,Federal immigration discretion and alleged superior influence.,Administrative,Adverse,Adverse,Not established in sources,Human,"[""Evidence and data"", ""Authority and rules"", ""Incentives and independence"", ""Remedy access""]","After winning an evidentiary hearing in 1954, the petitioner lost at the latest cited stage in 1955 when the Court sustained dismissal following a finding of independent Board discretion.",Alleged list-driven prejudgment was not established under the controlling 1955 findings.,"[{""label"": ""Supreme Court opinion (1954), pp. 261–68"", ""url"": ""https://supreme.justia.com/cases/federal/us/347/260/""}, {""label"": ""Supreme Court opinion (1955), pp. 281–84"", ""url"": ""https://supreme.justia.com/cases/federal/us/349/280/""}]",,Evidentiary hearing occurred; no protection from deportation established by the selected final decision.,added,Federal habeas challenging denial of discretionary suspension of deportation.,accardi-1954-1955,True,Alleged executive list or program displaced independent judgment; causal influence not proven to Court's satisfaction.,"Latest cited 1955 disposition was adverse. The earlier 1954 decision supplied an opportunity to prove prohibited interference, which was not established under the controlling later findings.",False,Alleged influence; after the ordered hearing the controlling 1955 finding was that the Board exercised independent discretion.,,,,,,
brown,Brown v. Board of Education I and II,Brown I / II,1954,1955,US,Public,The challenged consequential process is controlled by a public institution.,Administrative,Favorable,Merits or injunction,Not established in sources,Represented humans,"[""Classification"", ""Authority and rules"", ""Design and components"", ""Remedy access""]","The Court held public-school segregation unconstitutional and subsequently remanded for equitable implementation, establishing a merits victory against the governing design followed by remedial proceedings.",The paired judgments do not establish immediate nationwide integration; later implementation requires independent historical evidence and cannot be assumed.,"[{""label"": ""Primary decision"", ""url"": ""https://supreme.justia.com/cases/federal/us/347/483/""}, {""label"": ""1955 remedial judgment"", ""url"": ""https://supreme.justia.com/cases/federal/us/349/294/""}]",,"No source in this reviewed set establishes completed payment, delivered services, physical release, or institutional compliance after this decision.",original,,brown,True,,,,,,,,,,
henningsen,Henningsen v. Bloomfield Motors,Henningsen,1960,1960,US,Private,The challenged product or information service is privately operated.,Physical,Favorable,Damages judgment,Not established in sources,Human,"[""Design and components"", ""Authority and rules"", ""Remedy access""]",Judgments against manufacturer and dealer were affirmed after a defective car injured the purchaser’s wife; challenged warranty disclaimers and remedy restrictions were unenforceable.,"The warranty holding is contextual, not a universal invalidation of disclaimers; actual payment is not established here.","[{""label"": ""Primary decision"", ""url"": ""https://law.justia.com/cases/new-jersey/supreme-court/1960/32-n-j-358-0.html""}]",,"No source in this reviewed set establishes completed payment, delivered services, physical release, or institutional compliance after this decision.",original,,henningsen,True,,,,,,,,,,
brady,Brady v. Maryland,Brady,1963,1963,US,Public,The challenged consequential process is controlled by a public institution.,Administrative,Mixed,Mixed disposition,Not established in sources,Human,"[""Evidence and data"", ""Notice and hearing"", ""Remedy access""]","The Court affirmed relief requiring a new punishment proceeding for suppressed material favorable evidence, while declining to require a new trial on guilt.","Mixed reflects the actual scope of relief; a new punishment proceeding is not exoneration, release, or automatic compensation.","[{""label"": ""Primary decision"", ""url"": ""https://supreme.justia.com/cases/federal/us/373/83/""}]",,"No source in this reviewed set establishes completed payment, delivered services, physical release, or institutional compliance after this decision.",original,,brady,True,,,,,,,,,,
greenman,Greenman v. Yuba Power Products,Greenman,1963,1963,US,Private,The challenged product or information service is privately operated.,Physical,Favorable,Damages judgment,Not established in sources,Human,"[""Design and components"", ""Remedy access""]","The California Supreme Court affirmed a $65,000 manufacturer judgment for the injured user and grounded responsibility in strict products liability rather than commercial warranty formalities.",The claimant still needed an injury-producing defect; the opinion does not establish actual payment or subsequent redesign.,"[{""label"": ""Primary decision"", ""url"": ""https://law.justia.com/cases/california/supreme-court/2d/59/57.html""}]",,"No source in this reviewed set establishes completed payment, delivered services, physical release, or institutional compliance after this decision.",original,,greenman,True,,,,,,,,,,
townsend,Townsend v. Sain,Townsend,1963,1963,US,Public,The challenged detention rests on a state criminal conviction; the respondent is the public custodian.,Physical,Favorable,Procedural or interim,Not established in sources,Human,"[""Evidence and data"", ""Remedy access"", ""Notice and hearing""]",The Court reversed and remanded for a federal evidentiary hearing under its then-governing standards.,Keeney later overruled part of Townsend’s hearing framework; modern §2254 restrictions also matter. A drug described as truth serum is not proof that the resulting statement is true.,"[{""label"": ""Primary opinion; pp. 296–300, 320–322"", ""url"": ""https://supreme.justia.com/cases/federal/us/372/293/""}]",,This reviewed decision does not establish completed physical release or subsequent compensation.,added,"Federal habeas petition challenging a state conviction, before AEDPA.",townsend,True,Confession after administration of drugs; disputed voluntariness and inadequate development of drug-related facts.,"Historical hearing victory, not adjudicated innocence or release.",False,Drug administration documented; disputed coercion and effects required a hearing.,372 U.S. 293,"No computer or electrical malfunction is identified as the basis of the reviewed holding; false is a coding exclusion, not a finding about every event in the case.","Record how a statement was produced, not merely the signed or transcribed output.",,,
miller_pate,Miller v. Pate,Miller,1967,1967,US,Public,The challenged detention rests on a state criminal conviction; the respondent is the public custodian.,Physical,Favorable,Merits or injunction,Not established in sources,Human,"[""Evidence and data"", ""Remedy access""]","The Supreme Court held the conviction constitutionally invalid, reversed the appellate judgment, and remanded; the district court had ordered release or prompt retrial.","The Supreme Court opinion does not document subsequent physical release. This was deliberate evidentiary misrepresentation, not an identified instrument malfunction.","[{""label"": ""Primary opinion; pp. 2–7"", ""url"": ""https://supreme.justia.com/cases/federal/us/386/1/""}]",,This reviewed decision does not establish completed physical release or subsequent compensation.,added,"Federal habeas petition challenging a state conviction, before AEDPA.",miller_pate,True,Paint stains were presented as human blood matching the victim’s blood type.,Constitutional merits victory against knowing false evidence.,False,Independent chemical retesting in habeas established paint; prosecution knowledge was established.,386 U.S. 1,"No computer or electrical malfunction is identified as the basis of the reviewed holding; false is a coding exclusion, not a finding about every event in the case.",Preserve the original specimen and provide independent access to retesting.,,,
goldberg,Goldberg v. Kelly,Goldberg,1970,1970,US,Public,The challenged consequential process is controlled by a public institution.,Administrative,Favorable,Merits or injunction,Not established in sources,Represented humans,"[""Notice and hearing"", ""Evidence and data"", ""Remedy access""]","The Court affirmed procedural protections requiring an adequate pretermination evidentiary hearing for the welfare benefits at issue, including meaningful participation and a decision tied to evidence.","This established procedural requirements, not universal continued eligibility, actual benefit delivery, or identical hearing requirements for all public programs.","[{""label"": ""Primary decision"", ""url"": ""https://supreme.justia.com/cases/federal/us/397/254/""}]",,"No source in this reviewed set establishes completed payment, delivered services, physical release, or institutional compliance after this decision.",original,,goldberg,True,,,,,,,,,,
fuentes,Fuentes v. Shevin,Fuentes,1972,1972,US,Mixed,Private creditor assertions activate coercive state seizure; both initiation and enforcement are material to the challenged decision chain.,Administrative,Favorable,Merits or injunction,Not established in sources,Human,"[""Evidence and data"", ""Notice and hearing"", ""Authority and rules"", ""Remedy access""]","The Court invalidated challenged state replevin procedures through which private creditors seized household goods without adequate prior opportunity to contest entitlement, vacating and remanding the judgments.","The decision recognized extraordinary situations permitting delay; modern prejudgment-seizure doctrine requires subsequent-history review, and returned property is not verified.","[{""label"": ""Primary decision"", ""url"": ""https://supreme.justia.com/cases/federal/us/407/67/""}]",Public,"No source in this reviewed set establishes completed payment, delivered services, physical release, or institutional compliance after this decision.",original,,fuentes,True,,,,,,,,,,
stanley,Stanley v. Illinois,Stanley,1972,1972,US,Public,The challenged consequential process is controlled by a public institution.,Administrative,Favorable,Procedural or interim,Not established in sources,Human,"[""Classification"", ""Evidence and data"", ""Notice and hearing"", ""Authority and rules""]",The Court reversed and remanded because the unmarried father was entitled to an individualized fitness hearing rather than automatic treatment as unfit after the mother’s death.,The Court did not determine parental fitness or order automatic physical return of the children; custody restoration remains unverified here.,"[{""label"": ""Primary decision"", ""url"": ""https://supreme.justia.com/cases/federal/us/405/645/""}]",,"No source in this reviewed set establishes completed payment, delivered services, physical release, or institutional compliance after this decision.",original,,stanley,True,,,,,,,,,,
ward,Ward v. Village of Monroeville,Ward,1972,1972,US,Public,The challenged consequential process is controlled by a public institution.,Administrative,Favorable,Merits or injunction,Not established in sources,Human,"[""Incentives and independence"", ""Authority and rules"", ""Notice and hearing""]",The Court reversed and remanded where a mayor’s responsibility for substantial court revenues compromised the adjudicatory arrangement; a later neutral trial did not cure that defect.,"The decision concerns a specific structural incentive, not a presumption that all public officials or revenue-funded institutions are biased.","[{""label"": ""Primary decision"", ""url"": ""https://supreme.justia.com/cases/federal/us/409/57/""}]",,"No source in this reviewed set establishes completed payment, delivered services, physical release, or institutional compliance after this decision.",original,,ward,True,,,,,,,,,,
goss,Goss v. Lopez,Goss,1975,1975,US,Public,The challenged consequential process is controlled by a public institution.,Administrative,Favorable,Merits or injunction,Not established in sources,Represented humans,"[""Notice and hearing"", ""Evidence and data"", ""Classification"", ""Remedy access""]","The Court affirmed relief against inadequate public-school suspension procedures, including ordered record correction and minimum notice, evidence explanation, and opportunity to give the student’s account.",An order to remove suspension references does not itself verify that every affected school record was corrected.,"[{""label"": ""Primary decision"", ""url"": ""https://supreme.justia.com/cases/federal/us/419/565/""}]",,"No source in this reviewed set establishes completed payment, delivered services, physical release, or institutional compliance after this decision.",original,,goss,True,,,,,,,,,,
oconnor,O’Connor v. Donaldson,O’Connor,1975,1975,US,Public,The challenged consequential process is controlled by a public institution.,Administrative,Mixed,Mixed disposition,Documented some restoration,Human,"[""Classification"", ""Evidence and data"", ""Authority and rules"", ""Remedy access""]",The Court preserved a constitutional liberty holding for the former patient but vacated and remanded for consideration of the superintendent’s immunity from damages.,Donaldson’s earlier release must not be attributed to this Supreme Court decision; final damages and broader institutional reform remain unverified.,"[{""label"": ""Primary decision"", ""url"": ""https://supreme.justia.com/cases/federal/us/422/563/""}]",,"The opinion establishes Donaldson had already been released before this Supreme Court decision; this is documented restoration, not proof the decision caused his release.",original,,oconnor,True,,,,,,,,,,
barker,Barker v. Lull Engineering,Barker,1978,1978,US,Private,The challenged product or information service is privately operated.,Physical,Favorable,Procedural or interim,Not established in sources,Human,"[""Design and components"", ""Evidence and data"", ""Remedy access""]","The defense judgment was reversed for instructional error; the court recognized consumer-expectation and risk-benefit design tests, including a defined conditional burden shift to the manufacturer.",A retrial opportunity is not a damages award; burden shifting requires the claimant’s threshold showing of design-related causation.,"[{""label"": ""Primary decision"", ""url"": ""https://law.justia.com/cases/california/supreme-court/3d/20/413.html""}]",,"No source in this reviewed set establishes completed payment, delivered services, physical release, or institutional compliance after this decision.",original,,barker,True,,,,,,,,,,
craft,"Memphis Light, Gas & Water Division v. Craft",Craft,1978,1978,US,Public,A municipal utility controls billing enforcement and service cutoff. Computer mediation is discussed expressly; the constitutional holding concerns correction procedures.,Computerized,Favorable,Merits or injunction,Not established in sources,Human,"[""Evidence and data"", ""Notice and hearing"", ""Remedy access""]",The Court affirmed inadequate notice and dispute procedures before municipal utility cutoffs; customers required access to personnel empowered to correct errors before deprivation.,The opinion discusses computer-related error risk; it does not establish that all disputed bills arose from a proved software defect.,"[{""label"": ""Primary decision"", ""url"": ""https://supreme.justia.com/cases/federal/us/436/1/""}]",,"No source in this reviewed set establishes completed payment, delivered services, physical release, or institutional compliance after this decision.",original,,craft,True,,,,,,,,,,
monell,Monell v. Department of Social Services,Monell,1978,1978,US,Public,The challenged consequential process is controlled by a public institution.,Administrative,Favorable,Procedural or interim,Not established in sources,Represented humans,"[""Authority and rules"", ""Classification"", ""Remedy access""]",The Court recognized municipal responsibility for constitutional injury caused by official policy or custom and reversed the contrary judgment in the public employees’ maternity-leave litigation.,This opened an institutional-liability route with remand; it did not establish final payment or automatic liability for every employee wrong.,"[{""label"": ""Primary decision"", ""url"": ""https://supreme.justia.com/cases/federal/us/436/658/""}]",,"No source in this reviewed set establishes completed payment, delivered services, physical release, or institutional compliance after this decision.",original,,monell,True,,,,,,,,,,
vitek,Vitek v. Jones,Vitek,1980,1980,US,Public,The challenged consequential process is controlled by a public institution.,Administrative,Favorable,Merits or injunction,Not established in sources,Human,"[""Classification"", ""Notice and hearing"", ""Authority and rules""]","The Court affirmed, with modification, an injunction requiring additional procedural protections before an inmate’s psychiatric transfer and involuntary treatment beyond the underlying prison sentence.",This was not release from prison; independent qualified assistance did not invariably mean a licensed lawyer under the controlling concurrence.,"[{""label"": ""Primary decision"", ""url"": ""https://supreme.justia.com/cases/federal/us/445/480/""}]",,"No source in this reviewed set establishes completed payment, delivered services, physical release, or institutional compliance after this decision.",original,,vitek,True,,,,,,,,,,
grimshaw,Grimshaw v. Ford Motor Co.,Grimshaw,1981,1981,US,Private,The challenged product or information service is privately operated.,Physical,Favorable,Damages judgment,Not established in sources,Human,"[""Design and components"", ""Evidence and data"", ""Incentives and independence""]","The appellate court affirmed judgments arising from a fatal Pinto fire, including Grimshaw’s punitive damages reduced by the trial court to $3.5 million.",Do not report the initial $125 million verdict as sustained; the appellate record does not establish payment or fleetwide repair.,"[{""label"": ""Primary decision"", ""url"": ""https://law.justia.com/cases/california/court-of-appeal/3d/119/757.html""}]",,"No source in this reviewed set establishes completed payment, delivered services, physical release, or institutional compliance after this decision.",original,,grimshaw,True,,,,,,,,,,
logan,Logan v. Zimmerman Brush Co.,Logan,1982,1982,US,Public,"Public adjudication and a state-imposed forfeiture rule are challenged, even though the underlying discrimination allegation concerned a private employer.",Administrative,Favorable,Procedural or interim,Not established in sources,Human,"[""Capacity and delay"", ""Notice and hearing"", ""Remedy access"", ""Authority and rules""]","The Court reversed extinction of a timely discrimination claim caused by the commission’s missed conference deadline, restoring an opportunity for merits consideration under constitutionally adequate procedures.",The decision did not establish the employer committed discrimination or award damages; the private caption does not classify the challenged process.,"[{""label"": ""Primary decision"", ""url"": ""https://supreme.justia.com/cases/federal/us/455/422/""}]",,"No source in this reviewed set establishes completed payment, delivered services, physical release, or institutional compliance after this decision.",original,,logan,True,,,,,,,,,,
santosky,Santosky v. Kramer,Santosky,1982,1982,US,Public,The challenged consequential process is controlled by a public institution.,Administrative,Favorable,Procedural or interim,Not established in sources,Human,"[""Evidence and data"", ""Notice and hearing"", ""Authority and rules""]","The Court vacated and remanded parental-rights termination proceedings, requiring at least clear and convincing evidence at the factfinding stage rather than a preponderance standard.",The decision did not order custody restoration; its qualitative legal burden should not be converted into an invented numerical probability.,"[{""label"": ""Primary decision"", ""url"": ""https://supreme.justia.com/cases/federal/us/455/745/""}]",,"No source in this reviewed set establishes completed payment, delivered services, physical release, or institutional compliance after this decision.",original,,santosky,True,,,,,,,,,,
loudermill,Cleveland Board of Education v. Loudermill,Loudermill,1985,1985,US,Public,The challenged consequential process is controlled by a public institution.,Administrative,Mixed,Mixed disposition,Not established in sources,Human,"[""Notice and hearing"", ""Evidence and data"", ""Capacity and delay"", ""Remedy access""]",The Court allowed pretermination due-process claims to proceed and required a meaningful initial response opportunity; it rejected Loudermill’s separate nine-month-delay claim on the record.,"The primary procedural victory did not establish reinstatement, compensation, or success on every alleged due-process violation.","[{""label"": ""Primary decision"", ""url"": ""https://supreme.justia.com/cases/federal/us/470/532/""}]",,"No source in this reviewed set establishes completed payment, delivered services, physical release, or institutional compliance after this decision.",original,,loudermill,True,,,,,,,,,,
boyle,Boyle v. United Technologies,Boyle,1988,1988,US,Mixed,A private manufacturer produced military equipment under government-approved specifications; federal design discretion and private manufacture materially intersect.,Physical,Mixed,Mixed disposition,Not established in sources,Human,"[""Design and components"", ""Authority and rules"", ""Remedy access""]","The Court recognized a conditional government-contractor defense against military-equipment design claims, but vacated and remanded for clarification of the appellate court’s handling of the facts.",The defense harmed the claimant’s theory while remand preserved unresolved questions; code mixed rather than a final damages victory or blanket contractor immunity.,"[{""label"": ""Primary decision"", ""url"": ""https://supreme.justia.com/cases/federal/us/487/500/""}]",Private,"No source in this reviewed set establishes completed payment, delivered services, physical release, or institutional compliance after this decision.",original,,boyle,True,,,,,,,,,,
west,West v. Atkins,West,1988,1988,US,Mixed,The state’s custodial medical duty is delivered by a privately contracted doctor. The challenged issue is attribution of public responsibility through private delivery.,Administrative,Favorable,Procedural or interim,Not established in sources,Human,"[""Authority and rules"", ""Remedy access""]","The Court held that a doctor contracted to provide prison medical care acted under color of state law in that function, opening the constitutional claim on remand.","The decision did not find deliberate indifference, award damages, or make every contractor a state actor; function and duty mattered.","[{""label"": ""Primary decision"", ""url"": ""https://supreme.justia.com/cases/federal/us/487/42/""}]",Public,"No source in this reviewed set establishes completed payment, delivered services, physical release, or institutional compliance after this decision.",original,,west,True,,,,,,,,,,
keeney,Keeney v. Tamayo-Reyes,Keeney,1992,1992,US,Public,The challenged detention rests on a state criminal conviction; the respondent is the public custodian.,Administrative,Adverse,Adverse,Not established in sources,Human,"[""Evidence and data"", ""Remedy access""]",The Supreme Court reversed the ruling entitling the prisoner to an evidentiary hearing and remanded under a cause-and-prejudice or miscarriage-of-justice test.,The Court overruled Townsend only in the identified respect. The modern statute imposes additional constraints; do not present the 1992 test alone as a filing guide.,"[{""label"": ""Primary opinion; pp. 3–5, 11–12"", ""url"": ""https://supreme.justia.com/cases/federal/us/504/1/""}]",,This reviewed decision does not establish completed physical release or subsequent compensation.,added,Federal habeas petition challenging a state no-contest plea.,keeney,True,Alleged incomplete or inaccurate interpretation of the offense’s mental-state element and meaning of the plea.,Adverse hearing-access decision; not a final adjudication that the translation allegation was true.,False,Alleged mistranslation; state findings rejected the challenge; further federal fact development was disputed.,504 U.S. 1,"No computer or electrical malfunction is identified as the basis of the reviewed holding; false is a coding exclusion, not a finding about every event in the case.","Verify understanding before acceptance; retain the source language, interpretation, and contemporaneous comprehension check.",,,
herrera,Herrera v. Collins,Herrera,1993,1993,US,Public,The challenged detention rests on a state criminal conviction; the respondent is the public custodian.,Administrative,Adverse,Adverse,Not established in sources,Human,"[""Evidence and data"", ""Remedy access""]",The Supreme Court held that this freestanding actual-innocence claim did not entitle Herrera to federal habeas relief and affirmed.,"Do not label these allegations proven corruption, or say the Court held no conceivable innocence claim could ever matter.","[{""label"": ""Primary opinion; pp. 398–405, 417–419"", ""url"": ""https://supreme.justia.com/cases/federal/us/506/390/""}]",,This reviewed decision does not establish completed physical release or subsequent compensation.,added,Second federal habeas petition challenging a state capital conviction.,herrera,True,Later affidavits asserted that the prisoner’s deceased brother committed the murders.,Relief denied; the Court assumed rather than resolved a hypothetical exceptionally strong freestanding innocence claim.,False,Contested new innocence evidence; Court found the showing insufficient.,506 U.S. 390,"No computer or electrical malfunction is identified as the basis of the reviewed holding; false is a coding exclusion, not a finding about every event in the case.",Distinguish correcting a disputed factual record from proving a cognizable constitutional ground and satisfying its threshold.,,,
kyles,Kyles v. Whitley,Kyles,1995,1995,US,Public,The challenged detention rests on a state criminal conviction; the respondent is the public custodian.,Administrative,Favorable,Merits or injunction,Not established in sources,Human,"[""Evidence and data"", ""Remedy access""]",The Supreme Court reversed denial of habeas relief and held Kyles entitled to a new trial.,The judgment does not itself prove physical release. Cumulative materiality is not a rule that every omitted item automatically invalidates a conviction.,"[{""label"": ""Primary opinion; pp. 421–422, 434–438, 454"", ""url"": ""https://supreme.justia.com/cases/federal/us/514/419/""}]",,This reviewed decision does not establish completed physical release or subsequent compensation.,added,"Federal habeas petition challenging a state capital conviction, before AEDPA.",kyles,True,"Suppressed eyewitness statements, inconsistent informant accounts, and other favorable evidence.",Merits victory under Brady materiality; prosecution responsibility reaches favorable evidence known to police acting for the government.,False,Material suppression established by the Court’s cumulative review.,514 U.S. 419,"No computer or electrical malfunction is identified as the basis of the reviewed holding; false is a coding exclusion, not a finding about every event in the case.",Maintain source-linked contradictions and review the combined effect of omitted evidence across agency boundaries.,,,
cushman,Cushman v. Trans Union,Cushman,1997,1997,US,Private,Private credit-reporting and reinvestigation process; computerized information handling is not itself proof of an algorithmic calculation defect.,Computerized,Favorable,Procedural or interim,Not established in sources,Human,"[""Evidence and data"", ""Classification"", ""Remedy access""]",The consumer won reversal of judgment against her; reasonable reinvestigation of disputed credit information can require checking original sources rather than merely repeating their confirmation.,Final liability and compensation were not determined; the opinion applied an earlier statutory version and a fact-dependent verification duty.,"[{""label"": ""Primary decision"", ""url"": ""https://law.justia.com/cases/federal/appellate-courts/F3/115/220/568353/""}]",,"No source in this reviewed set establishes completed payment, delivered services, physical release, or institutional compliance after this decision.",original,,cushman,True,,,,,,,,,,
hamdi,Hamdi v. Rumsfeld,Hamdi,2004,2004,US,Public,The challenged consequential process is controlled by a public institution.,Administrative,Mixed,Mixed disposition,Not established in sources,Human,"[""Classification"", ""Evidence and data"", ""Notice and hearing"", ""Authority and rules"", ""Remedy access""]","The Court vacated and remanded for a meaningful opportunity to contest enemy-combatant classification, while the plurality accepted statutory detention authority in defined circumstances and adapted procedures.",The judgment did not order release or find the classification false; factual challenge rights and detention authority are separate holdings.,"[{""label"": ""Primary decision"", ""url"": ""https://supreme.justia.com/cases/federal/us/542/507/""}]",,"No source in this reviewed set establishes completed payment, delivered services, physical release, or institutional compliance after this decision.",original,Federal habeas under 28 U.S.C. §2241 challenging executive military detention.,hamdi,True,,,,,,,,,,
house,House v. Bell,House,2006,2006,US,Public,The challenged detention rests on a state criminal conviction; the respondent is the public custodian.,Physical,Favorable,Procedural or interim,Not established in sources,Human,"[""Evidence and data"", ""Remedy access"", ""Notice and hearing""]",House satisfied the demanding innocence gateway and could pursue his defaulted constitutional claims on remand.,The Court expressly distinguished serious doubt sufficient for the gateway from conclusive exoneration and hypothetical freestanding innocence relief.,"[{""label"": ""Primary opinion; 547 U.S. pp. 537–555"", ""url"": ""https://www.law.cornell.edu/supct/html/04-8990.ZO.html""}]",,This reviewed decision does not establish completed physical release or subsequent compensation.,added,Federal habeas petition; actual-innocence gateway through state procedural default.,house,True,DNA excluded House as the semen source; blood handling and contamination evidence undermined the prosecution’s forensic narrative.,Review-access victory; no freestanding innocence relief or release ordered in this opinion.,False,"DNA source correction established; the full forensic and witness record was assessed together, not as conclusive exoneration.",547 U.S. 518,"No computer or electrical malfunction is identified as the basis of the reviewed holding; false is a coding exclusion, not a finding about every event in the case.","Keep chain-of-custody, packaging, transport conditions, retesting, and competing source explanations available for independent review.",,,
boumediene,Boumediene v. Bush,Boumediene,2008,2008,US,Public,The challenged consequential process is controlled by a public institution.,Administrative,Favorable,Procedural or interim,Not established in sources,Represented humans,"[""Authority and rules"", ""Evidence and data"", ""Notice and hearing"", ""Remedy access""]","The Court held the Suspension Clause applicable and the substitute review inadequate, invalidating jurisdiction stripping and returning the cases for meaningful habeas proceedings.",The decision neither adjudicated these detentions lawful or unlawful nor ordered release; later merits and implementation require separate evidence.,"[{""label"": ""Primary decision"", ""url"": ""https://supreme.justia.com/cases/federal/us/553/723/""}]",,"No source in this reviewed set establishes completed payment, delivered services, physical release, or institutional compliance after this decision.",original,Federal habeas challenges to Guantánamo detention and constitutional adequacy of the substitute review process.,boumediene,True,,,,,,,,,,
wyeth,Wyeth v. Levine,Wyeth,2009,2009,US,Private,"Private manufacturer warning duty; federal regulation is a legal constraint, not sufficient alone to code joint operational control.",Physical,Favorable,Damages judgment,Not established in sources,Human,"[""Design and components"", ""Authority and rules"", ""Remedy access""]","The Supreme Court affirmed the injured patient’s judgment, rejecting federal preemption because the manufacturer could strengthen its warning through the regulatory route available on that record.",Regulatory ability to change warnings was decisive; the result does not establish all approved-product injuries are compensable or prove payment.,"[{""label"": ""Primary decision"", ""url"": ""https://supreme.justia.com/cases/federal/us/555/555/""}]",,"No source in this reviewed set establishes completed payment, delivered services, physical release, or institutional compliance after this decision.",original,,wyeth,True,,,,,,,,,,
mcdaniel,McDaniel v. Brown,McDaniel,2010,2010,US,Public,The challenged detention rests on a state criminal conviction; the respondent is the public custodian.,Physical,Adverse,Adverse,Not established in sources,Human,"[""Evidence and data"", ""Remedy access""]",The Court reversed the appellate grant on the insufficiency theory. A newly recast DNA due-process claim was forfeited; other ineffective-assistance grounds remained for further consideration.,"An insufficiency analysis considers all trial-admitted evidence; it cannot simply delete disputed evidence using a later expert report. The case was decided January 11, 2010, despite one publisher’s 2009 header.","[{""label"": ""Primary opinion; pp. 128–136"", ""url"": ""https://supreme.justia.com/cases/federal/us/558/120/""}]",,This reviewed decision does not establish completed physical release or subsequent compensation.,added,Federal §2254 habeas petition challenging a state rape conviction.,mcdaniel,True,DNA testimony conflated random-match probability with source probability; sibling-match probabilities were disputed.,"Adverse ruling on the reviewed theories, not final rejection of every habeas ground.",False,The State acknowledged the prosecutor’s fallacy; the DNA match itself was not disproved.,558 U.S. 120,"No computer or electrical malfunction is identified as the basis of the reviewed holding; false is a coding exclusion, not a finding about every event in the case.",Type-check probabilities and preserve the precise constitutional claim; statistical error and the applicable legal remedy are separate questions.,,,
plata,Brown v. Plata,Plata,2011,2011,US,Public,"Public prison capacity and delivery of constitutionally required care. Administrative category captures institutional operation, not a claim that physical conditions were absent.",Administrative,Favorable,Merits or injunction,Not established in sources,Represented humans,"[""Capacity and delay"", ""Design and components"", ""Remedy access""]",The Court affirmed a structural population-reduction order after findings that overcrowding primarily caused unconstitutional prison care and less intrusive remedies had failed.,The 137.5% capacity limit was case-specific; the appellate opinion does not by itself measure subsequent care quality or completed compliance.,"[{""label"": ""Primary decision"", ""url"": ""https://supreme.justia.com/cases/federal/us/563/493/""}]",,"No source in this reviewed set establishes completed payment, delivered services, physical release, or institutional compliance after this decision.",original,,plata,True,,,,,,,,,,
connick,Connick v. Thompson,Connick,2011,2011,US,Public,The challenged consequential process is controlled by a public institution.,Administrative,Adverse,Adverse,Documented some restoration,Human,"[""Evidence and data"", ""Remedy access"", ""Authority and rules""]",The Court reversed a $14 million municipal failure-to-train judgment because the record failed the deliberate-indifference requirements of the institutional-liability theory at issue.,"This damages-route loss does not erase the underlying disclosure wrong or reverse Thompson’s acquittal, and does not decide all remedy theories.","[{""label"": ""Primary decision"", ""url"": ""https://supreme.justia.com/cases/federal/us/563/51/""}]",,"The majority opinion records prior vacatur of both convictions, a 2003 acquittal at murder retrial, and release before the damages litigation. The 2011 decision reversed the $14 million damages judgment; it did not cause that earlier liberty restoration.",original,,connick,True,,,,,,,,,,
pliva,"PLIVA, Inc. v. Mensing",PLIVA,2011,2011,US,Private,Private product suppliers subject to federal labeling constraints; regulation alone does not make the operating system public.,Physical,Adverse,Adverse,Not established in sources,Human,"[""Design and components"", ""Authority and rules"", ""Remedy access""]",The Supreme Court held the generic-drug warning claims preempted because federal requirements prevented the manufacturers from independently making the labeling changes required by state law.,A barrier to these state-law claims does not establish that the products caused no harm or that all legal routes are unavailable.,"[{""label"": ""Primary decision"", ""url"": ""https://supreme.justia.com/cases/federal/us/564/604/""}]",,"No source in this reviewed set establishes completed payment, delivered services, physical release, or institutional compliance after this decision.",original,,pliva,True,,,,,,,,,,
mcquiggin,McQuiggin v. Perkins,McQuiggin,2013,2013,US,Public,The challenged detention rests on a state criminal conviction; the respondent is the public custodian.,Administrative,Mixed,Mixed disposition,Not established in sources,Human,"[""Evidence and data"", ""Remedy access""]","The Court recognized an innocence gateway through the limitations period, but vacated the favorable appellate judgment and remanded, emphasizing the demanding showing and relevance of delay.",This was neither proof of innocence nor an automatic exemption from habeas deadlines; second-or-successive petitions present separate restrictions.,"[{""label"": ""Primary opinion; pp. 386–387, 392–401"", ""url"": ""https://supreme.justia.com/cases/federal/us/569/383/""}]",,This reviewed decision does not establish completed physical release or subsequent compensation.,added,Federal §2254 habeas petition; proposed innocence gateway through §2244(d) limitations.,mcquiggin,True,Later affidavits identified a different killer; reliability and unexplained delay were contested.,Favorable gateway doctrine with a mixed individual disposition.,False,Innocence not established by the Supreme Court; the district court had found the showing inadequate.,569 U.S. 383,"No computer or electrical malfunction is identified as the basis of the reviewed holding; false is a coding exclusion, not a finding about every event in the case.",Keep timestamped provenance and reasons for delayed discovery; separate evidentiary credibility from simple elapsed-time counts.,,,
han_tak_lee,Han Tak Lee v. Superintendent Houtzdale SCI,Han Tak Lee,2015,2015,US,Public,The challenged detention rests on a state criminal conviction; the respondent is the public custodian.,Physical,Favorable,Merits or injunction,Not established in sources,Human,"[""Evidence and data"", ""Remedy access""]",The Third Circuit affirmed conditional habeas relief requiring retrial or release within 120 days under the district court order.,Review without AEDPA deference rested on this case’s procedural history; the opinion flags later law that might have changed that analysis. No computer breakdown was found.,"[{""label"": ""Primary opinion; 798 F.3d pp. 161–167; slip pp. 6, 12 n.5, 14–19"", ""url"": ""https://www2.ca3.uscourts.gov/opinarch/143876p.pdf""}]",,This reviewed decision does not establish completed physical release or subsequent compensation.,added,Federal §2254 habeas petition; Third Circuit appeal from conditional relief.,han_tak_lee,True,Discredited arson theories and gas-chromatography interpretations underpinned the conviction; retesting undermined their reliability.,"Actual grant of habeas relief, based on trial unfairness rather than a freestanding innocence claim. The filing discussion applies clerk obligations to automated systems; it preserved the state’s appeal, then the court affirmed relief for Lee.",False,The Commonwealth conceded the scientific foundations were invalid or unreliable; remaining evidence did not supply the necessary support.,798 F.3d 159,"No computer or electrical malfunction is identified as the basis of the reviewed holding; false is a coding exclusion, not a finding about every event in the case.","Version scientific methods, preserve samples, and reopen dependent conclusions when a foundational method is invalidated.",,True,The opinion separately addresses electronic filing and receipt-date errors in the state’s appeal. The habeas merits concerned unreliable forensic evidence.
kw,K.W. v. Armstrong,K.W.,2015,2015,US,Public,The challenged consequential process is controlled by a public institution.,Computerized,Favorable,Procedural or interim,Not established in sources,Represented humans,"[""Classification"", ""Evidence and data"", ""Notice and hearing"", ""Remedy access""]","The appellate court affirmed expanded preliminary protection against disability-service reductions without adequate notice, continuing prior services pending intelligible explanation and a fair-hearing opportunity.",Interim protection is not a final finding that every budget was incorrect; delivered care for each recipient was not independently verified.,"[{""label"": ""Primary decision"", ""url"": ""https://law.justia.com/cases/federal/appellate-courts/ca9/14-35296/14-35296-2015-06-05.html""}]",,"No source in this reviewed set establishes completed payment, delivered services, physical release, or institutional compliance after this decision.",original,,kw,True,,,,,,,,,,
loomis,State v. Loomis,Loomis,2016,2016,US,Public,"The challenged consequential act is public sentencing. Proprietary private scoring is an important component, rather than the holder of sentencing authority.",Computerized,Adverse,Adverse,Not established in sources,Human,"[""Classification"", ""Evidence and data"", ""Notice and hearing""]",The Wisconsin Supreme Court denied resentencing while limiting permissible uses of COMPAS risk scores and emphasizing other factors supporting the sentencing decision.,"The claimant lost; cautions do not constitute certification of COMPAS accuracy, fairness, or suitability for every sentencing context.","[{""label"": ""Primary decision"", ""url"": ""https://www.wicourts.gov/sc/opinion/DisplayDocument.pdf?content=pdf&seqNo=171690""}]",Mixed,"No source in this reviewed set establishes completed payment, delivered services, physical release, or institutional compliance after this decision.",original,,loomis,True,,,,,,,,,,
ledgerwood,Arkansas Department of Human Services v. Ledgerwood,Ledgerwood,2017,2017,US,Public,The challenged consequential process is controlled by a public institution.,Computerized,Favorable,Procedural or interim,Not established in sources,Human,"[""Notice and hearing"", ""Authority and rules"", ""Classification"", ""Remedy access""]","The Arkansas Supreme Court affirmed temporary protection for named care recipients, based on irreparable harm and likely success against inadequate rulemaking notice for an algorithmic methodology change.","The interlocutory ruling did not settle every merits issue, prohibit algorithms nationally, or verify care delivered after the order.","[{""label"": ""Primary decision"", ""url"": ""https://law.justia.com/cases/arkansas/supreme-court/2017/cv-17-183.html""}]",,"No source in this reviewed set establishes completed payment, delivered services, physical release, or institutional compliance after this decision.",original,,ledgerwood,True,,,,,,,,,,
houston,Houston Federation of Teachers v. Houston Independent School District,Houston teachers,2017,2017,US,Public,Public district employment decisions used privately controlled proprietary EVAAS scoring. Primary coding follows the public employer’s challenged deprivation; mixed is plausible.,Computerized,Mixed,Mixed disposition,Not established in sources,Represented humans,"[""Evidence and data"", ""Classification"", ""Notice and hearing"", ""Remedy access""]",Teachers’ procedural due-process claim concerning unverifiable employment ratings survived the district’s summary-judgment motion; the district received judgment on all other claims in that order.,"This was a mixed interlocutory ruling, not damages, final algorithm invalidation, or verified implementation of a later settlement.","[{""label"": ""Primary decision"", ""url"": ""https://www.govinfo.gov/content/pkg/USCOURTS-txsd-4_14-cv-01189/pdf/USCOURTS-txsd-4_14-cv-01189-0.pdf""}]",Mixed,"No source in this reviewed set establishes completed payment, delivered services, physical release, or institutional compliance after this decision.",original,,houston,True,,,,,,,,,,
cahoo,Cahoo v. SAS Institute and related officials,Cahoo,2019,2023,US,Mixed,Public fraud adjudication and collection used private system suppliers; the cited appeal resolves officials’ immunity while private claims remained pending.,Computerized,Adverse,Adverse,Not established in sources,Human,"[""Evidence and data"", ""Notice and hearing"", ""Classification"", ""Remedy access""]","After early pleading-stage success, the 2023 appeal granted qualified immunity to the two remaining agency supervisors; claims against private defendants remained pending at that stage.","Adverse codes this officials’ appeal, not final resolution of every defendant or judicial approval of the MiDAS system.","[{""label"": ""Primary decision"", ""url"": ""https://law.justia.com/cases/federal/appellate-courts/ca6/21-1407/21-1407-2023-06-15.html""}]",Public,"No source in this reviewed set establishes completed payment, delivered services, physical release, or institutional compliance after this decision.",original,,MiDAS,True,,,,,,,,,,
regents,DHS v. Regents of the University of California,Regents,2020,2020,US,Public,The challenged consequential process is controlled by a public institution.,Administrative,Mixed,Mixed disposition,Not established in sources,Represented humans,"[""Authority and rules"", ""Evidence and data"", ""Remedy access""]",DACA recipients and institutional plaintiffs secured remand of rescission for inadequate consideration of alternatives and reliance interests; not every asserted claim succeeded.,"This historical explanation-and-consideration ruling does not establish permanent DACA continuation, current availability, or success on every constitutional theory.","[{""label"": ""Primary decision"", ""url"": ""https://supreme.justia.com/cases/federal/us/591/18-587/""}]",,"No source in this reviewed set establishes completed payment, delivered services, physical release, or institutional compliance after this decision.",original,,regents,True,,,,,,,,,,
syri,NJCM and others v. Netherlands (SyRI),SyRI,2020,2020,Netherlands,Public,The challenged consequential process is controlled by a public institution.,Computerized,Mixed,Mixed disposition,Not established in sources,Represented humans,"[""Evidence and data"", ""Classification"", ""Authority and rules"", ""Remedy access""]","Successful collective claimants obtained an Article 8 ruling against the challenged SyRI legal provisions, while some claims were inadmissible and other requested relief, including general deletion, was refused.","Mixed codes differing claimants and remedies; the substantive architecture challenge succeeded, but no universal compensation or deletion order followed.","[{""label"": ""Primary decision"", ""url"": ""https://uitspraken.rechtspraak.nl/details?id=ECLI:NL:RBDHA:2020:1878""}]",,"No source in this reviewed set establishes completed payment, delivered services, physical release, or institutional compliance after this decision.",original,,syri,True,,,,,,,,,,
hamilton,Hamilton and others v. Post Office,Horizon appeals,2021,2021,UK,Mixed,"Post Office enterprise accounting, private vendor technology and employer-led prosecutions fed criminal enforcement; mixed describes the operational chain, not corporate form alone.",Computerized,Mixed,Mixed disposition,Documented some restoration,Human,"[""Evidence and data"", ""Classification"", ""Notice and hearing"", ""Remedy access""]",The Court of Appeal quashed convictions of 39 appellants on abuse-of-process grounds while dismissing three appeals whose individual evidentiary circumstances differed.,"Legal nullification of convictions is established; complete compensation, personal restoration, and correction of every downstream record are not.","[{""label"": ""Primary decision"", ""url"": ""https://caselaw.nationalarchives.gov.uk/ewca/crim/2021/577""}]",Public,"The appellate judgment itself quashed 39 convictions. This is an executed legal correction for those appellants, not proof of compensation or complete downstream record repair.",original,,hamilton,True,,,,,,,,,,
robodebt,Prygodicz / Knox Robodebt settlement sequence,Robodebt,2021,2026,Australia,Public,The challenged consequential process is controlled by a public institution.,Computerized,Favorable,Settlement,Documented some restoration,Represented humans,"[""Evidence and data"", ""Classification"", ""Notice and hearing"", ""Remedy access""]","The sequence includes an approved 2021 settlement, documented refunds and original settlement payments, and approval of additional compensation in June 2026 for the automated-debt scheme.",Settlements are not contested verdicts on every allegation; approval of the newest compensation does not establish its complete payment.,"[{""label"": ""2021 settlement judgment"", ""url"": ""https://casechat.au/cases/au/prygodicz-v-commonwealth-of-australia-no-2""}, {""label"": ""Original refunds and payments"", ""url"": ""https://www.servicesaustralia.gov.au/robodebt-class-action-settlement""}, {""label"": ""2026 settlement approval"", ""url"": ""https://www.servicesaustralia.gov.au/new-robodebt-class-action-settlement""}]",,Services Australia reports refunds largely paid in late 2020 and original settlement payments made in September 2022. Additional compensation was approved in June 2026; its completed payment is not established.,original,,robodebt,True,,,,,,,,,,
transunion,TransUnion LLC v. Ramirez,TransUnion,2021,2021,US,Private,The challenged product or information service is privately operated.,Computerized,Mixed,Mixed disposition,Not established in sources,Represented humans,"[""Evidence and data"", ""Classification"", ""Remedy access""]","The Court found standing for 1,853 class members whose misleading reports reached third parties but not 6,332 with undisclosed internal files on that theory, reversing and remanding.",These are claim- and dissemination-specific standing results; the judgment does not establish that internal misclassification was accurate or every class member received compensation.,"[{""label"": ""Primary decision"", ""url"": ""https://www.supremecourt.gov/opinions/20pdf/20-297_4g25.pdf""}]",,"No source in this reviewed set establishes completed payment, delivered services, physical release, or institutional compliance after this decision.",original,,transunion,True,,,,,,,,,,
bauserman,Bauserman v. Unemployment Insurance Agency,Bauserman,2022,2024,US,Public,The challenged consequential process is controlled by a public institution.,Computerized,Favorable,Settlement,Documented some restoration,Represented humans,"[""Evidence and data"", ""Classification"", ""Notice and hearing"", ""Remedy access""]","The Michigan Supreme Court recognized a constitutional damages claim; the later $20 million settlement was finally approved, with individual reversals and seized-money returns recorded earlier.",State constitutional reasoning is not a nationwide federal rule; class settlement approval does not establish every payment reached its recipient.,"[{""label"": ""Primary decision"", ""url"": ""https://law.justia.com/cases/michigan/supreme-court/2022/160813.html""}, {""label"": ""Final settlement approval"", ""url"": ""https://www.michigan.gov/ag/news/press-releases/2024/01/30/class-action-settlement-approved-by-court-of-claims""}]",,The 2022 opinion records reversals of Bauserman’s and Broe’s determinations and returns of improperly seized money. The 2024 $20 million class settlement approval does not verify every class payment.,original,,MiDAS,True,,,,,,,,,,
egbert,Egbert v. Boule,Egbert,2022,2022,US,Public,The challenged consequential process is controlled by a public institution.,Administrative,Adverse,Adverse,Not established in sources,Human,"[""Authority and rules"", ""Remedy access""]","The Court rejected extending Bivens damages remedies to the border-agent excessive-force and First Amendment retaliation claims before it, reversing the contrary appellate judgment.","This is a damages-remedy barrier, not a determination that all alleged conduct was lawful or that every possible form of relief is barred.","[{""label"": ""Primary decision"", ""url"": ""https://www.supremecourt.gov/opinions/21pdf/21-147_g31h.pdf""}]",,"No source in this reviewed set establishes completed payment, delivered services, physical release, or institutional compliance after this decision.",original,,egbert,True,,,,,,,,,,
schufa,"SCHUFA Holding, C-634/21",SCHUFA,2023,2023,EU,Private,The challenged consequential information service is private credit scoring and reliance by private customers; regulator litigation does not make the underlying service public.,Computerized,Favorable,Procedural or interim,Not established in sources,Human,"[""Classification"", ""Evidence and data"", ""Authority and rules"", ""Remedy access""]","The CJEU held that a credit score strongly relied upon in a consequential decision can itself constitute automated decision-making, preventing responsibility from disappearing between producer and user.",This preliminary ruling did not award a loan or damages; exceptions and national-law application remained for the referring court.,"[{""label"": ""Primary decision"", ""url"": ""https://eur-lex.europa.eu/legal-content/EN/TXT/?uri=CELEX:62021CJ0634""}]",,"No source in this reviewed set establishes completed payment, delivered services, physical release, or institutional compliance after this decision.",original,,schufa,True,,,,,,,,,,
ck,"CK v. Magistrat der Stadt Wien, C-203/22",CK / D&B,2025,2025,EU,Private,Primary coding follows private Dun & Bradstreet scoring and explanation duties; the public authority’s failed enforcement makes mixed classification plausible.,Computerized,Favorable,Procedural or interim,Not established in sources,Human,"[""Evidence and data"", ""Classification"", ""Notice and hearing"", ""Remedy access""]","The CJEU required intelligible information about the procedure actually applied to personal data, with trade-secret issues subject to competent review rather than automatic refusal.","The interpretive ruling does not establish eventual disclosure, a phone contract, or compensation; prior failed enforcement is separately relevant.","[{""label"": ""Primary decision"", ""url"": ""https://eur-lex.europa.eu/legal-content/EN/TXT/?uri=CELEX:62022CJ0203""}]",Mixed,"No source in this reviewed set establishes completed payment, delivered services, physical release, or institutional compliance after this decision.",original,,ck,True,,,,,,,,,,
